{"cameraMode":{"drawMode":0,"name":"Shaded","section":"Shading Mode"},"sceneLighting":true,"audioPlay":false,"sceneViewState":{"m_AlwaysRefresh":false,"showFog":true,"showSkybox":false,"showFlares":true,"showImageEffects":true,"showParticleSystems":true,"showVisualEffectGraphs":true,"m_FxEnabled":true},"in2DMode":false,"pivot":{"x":1.0127696990966797,"y":1.1653459072113038,"z":0.049742937088012698},"rotation":{"x":0.015183675102889538,"y":0.6545225381851196,"z":-0.013184469193220139,"w":0.7558004260063171},"size":9.79216194152832,"orthographic":false}