{"cameraMode":{"drawMode":0,"name":"Shaded","section":"Shading Mode"},"sceneLighting":true,"audioPlay":false,"sceneViewState":{"m_AlwaysRefresh":false,"showFog":true,"showSkybox":false,"showFlares":true,"showImageEffects":true,"showParticleSystems":true,"showVisualEffectGraphs":true,"m_FxEnabled":true},"in2DMode":false,"pivot":{"x":0.23247528076171876,"y":0.48888635635375979,"z":-4.705729961395264},"rotation":{"x":0.050621870905160907,"y":0.8986712098121643,"z":-0.10783812403678894,"w":0.4221899211406708},"size":5.825601577758789,"orthographic":false}