{"cameraMode":{"drawMode":0,"name":"Shaded","section":"Shading Mode"},"sceneLighting":false,"audioPlay":false,"sceneViewState":{"m_AlwaysRefresh":false,"showFog":true,"showSkybox":false,"showFlares":true,"showImageEffects":true,"showParticleSystems":true,"showVisualEffectGraphs":true,"m_FxEnabled":true},"in2DMode":false,"pivot":{"x":27.621339797973634,"y":-5.643721580505371,"z":-82.60729217529297},"rotation":{"x":0.004175339825451374,"y":0.9955626130104065,"z":-0.054423972964286807,"w":0.0768977701663971},"size":0.6445507407188416,"orthographic":false}