{"cameraMode":{"drawMode":0,"name":"Shaded","section":"Shading Mode"},"sceneLighting":true,"audioPlay":false,"sceneViewState":{"m_AlwaysRefresh":false,"showFog":true,"showSkybox":false,"showFlares":true,"showImageEffects":true,"showParticleSystems":true,"showVisualEffectGraphs":true,"m_FxEnabled":true},"in2DMode":false,"pivot":{"x":-4.395400524139404,"y":3.2403016090393068,"z":-2.3139142990112306},"rotation":{"x":0.050621870905160907,"y":0.8986712098121643,"z":-0.10783812403678894,"w":0.4221899211406708},"size":3.1564297676086427,"orthographic":false}